192.168.159.138 192.168.159.139	9608
192.168.159.138 192.168.159.139	26547
192.168.159.138 192.168.159.139	4755
192.168.159.138 192.168.159.139	29234
192.168.159.138 192.168.159.139	6905
192.168.159.138 192.168.159.139	15049
192.168.159.138 192.168.159.139	2306
192.168.159.138 192.168.159.139	28367
192.168.159.138 192.168.159.139	32256
192.168.159.138 192.168.159.139	19535
192.168.159.138 192.168.159.139	19348
192.168.159.138 192.168.159.139	30855
192.168.159.138 192.168.159.139	28365
192.168.159.138 192.168.159.139	17255
192.168.159.138 192.168.159.139	23798
192.168.159.138 192.168.159.139	12956
192.168.159.138 192.168.159.139	29783
192.168.159.138 192.168.159.139	24921
192.168.159.138 192.168.159.139	28314
192.168.159.138 192.168.159.139	32652
192.168.159.138 192.168.159.139	31038
192.168.159.138 192.168.159.139	32864
192.168.159.138 192.168.159.139	10560
192.168.159.138 192.168.159.139	15713
192.168.159.138 192.168.159.139	6082
192.168.159.138 192.168.159.139	31761
192.168.159.138 192.168.159.139	12815
192.168.159.138 192.168.159.139	20386
192.168.159.138 192.168.159.139	5447
192.168.159.138 192.168.159.139	11106
192.168.159.138 192.168.159.139	8409
192.168.159.138 192.168.159.139	16450
192.168.159.138 192.168.159.139	32308
192.168.159.138 192.168.159.139	17001
192.168.159.138 192.168.159.139	143
192.168.159.138 192.168.159.139	30621
192.168.159.138 192.168.159.139	13397
192.168.159.138 192.168.159.139	13333
192.168.159.138 192.168.159.139	18425
192.168.159.138 192.168.159.139	17898
192.168.159.138 192.168.159.139	25998
192.168.159.138 192.168.159.139	27460
192.168.159.138 192.168.159.139	7574
192.168.159.138 192.168.159.139	20179
192.168.159.138 192.168.159.139	110
192.168.159.138 192.168.159.139	12384
192.168.159.138 192.168.159.139	7562
192.168.159.138 192.168.159.139	30620
192.168.159.138 192.168.159.139	30706
192.168.159.138 192.168.159.139	4126
192.168.159.138 192.168.159.139	22259
192.168.159.138 192.168.159.139	12901
192.168.159.138 192.168.159.139	16016
192.168.159.138 192.168.159.139	23158
192.168.159.138 192.168.159.139	12333
192.168.159.138 192.168.159.139	4496
192.168.159.138 192.168.159.139	7037
192.168.159.138 192.168.159.139	19685
192.168.159.138 192.168.159.139	18737
192.168.159.138 192.168.159.139	997
192.168.159.138 192.168.159.139	20380
192.168.159.138 192.168.159.139	10543
192.168.159.138 192.168.159.139	21789
192.168.159.138 192.168.159.139	18520
192.168.159.138 192.168.159.139	27584
192.168.159.138 192.168.159.139	17296
192.168.159.138 192.168.159.139	30887
192.168.159.138 192.168.159.139	26373
192.168.159.138 192.168.159.139	4973
192.168.159.138 192.168.159.139	26773
192.168.159.138 192.168.159.139	13944
192.168.159.138 192.168.159.139	3571
192.168.159.138 192.168.159.139	11541
192.168.159.138 192.168.159.139	25075
192.168.159.138 192.168.159.139	3741
192.168.159.138 192.168.159.139	3714
192.168.159.138 192.168.159.139	31095
192.168.159.138 192.168.159.139	3903
192.168.159.138 192.168.159.139	18032
192.168.159.138 192.168.159.139	24808
192.168.159.138 192.168.159.139	14729
192.168.159.138 192.168.159.139	20165
192.168.159.138 192.168.159.139	26237
192.168.159.138 192.168.159.139	11372
192.168.159.138 192.168.159.139	2121
192.168.159.138 192.168.159.139	30173
192.168.159.138 192.168.159.139	14577
192.168.159.138 192.168.159.139	2756
192.168.159.138 192.168.159.139	5117
192.168.159.138 192.168.159.139	12353
192.168.159.138 192.168.159.139	13932
192.168.159.138 192.168.159.139	952
192.168.159.138 192.168.159.139	3048
192.168.159.138 192.168.159.139	32651
192.168.159.138 192.168.159.139	17534
192.168.159.138 192.168.159.139	23730
192.168.159.138 192.168.159.139	4726
192.168.159.138 192.168.159.139	6142
192.168.159.138 192.168.159.139	9065
192.168.159.138 192.168.159.139	7033
192.168.159.138 192.168.159.139	4461
192.168.159.138 192.168.159.139	20675
192.168.159.138 192.168.159.139	30511
192.168.159.138 192.168.159.139	11446
192.168.159.138 192.168.159.139	21448
192.168.159.138 192.168.159.139	465
192.168.159.138 192.168.159.139	6858
192.168.159.138 192.168.159.139	16665
192.168.159.138 192.168.159.139	29696
192.168.159.138 192.168.159.139	6234
192.168.159.138 192.168.159.139	9402
192.168.159.138 192.168.159.139	23654
192.168.159.138 192.168.159.139	15593
192.168.159.138 192.168.159.139	25877
192.168.159.138 192.168.159.139	17784
192.168.159.138 192.168.159.139	18226
192.168.159.138 192.168.159.139	10702
192.168.159.138 192.168.159.139	10926
192.168.159.138 192.168.159.139	7494
192.168.159.138 192.168.159.139	13371
192.168.159.138 192.168.159.139	8505
192.168.159.138 192.168.159.139	5100
192.168.159.138 192.168.159.139	25077
192.168.159.138 192.168.159.139	24952
192.168.159.138 192.168.159.139	7650
192.168.159.138 192.168.159.139	6576
192.168.159.138 192.168.159.139	32542
192.168.159.138 192.168.159.139	30431
192.168.159.138 192.168.159.139	10211
192.168.159.138 192.168.159.139	17976
192.168.159.138 192.168.159.139	23221
192.168.159.138 192.168.159.139	15860
192.168.159.138 192.168.159.139	20637
192.168.159.138 192.168.159.139	9837
192.168.159.138 192.168.159.139	26074
192.168.159.138 192.168.159.139	16326
192.168.159.138 192.168.159.139	9681
192.168.159.138 192.168.159.139	12063
192.168.159.138 192.168.159.139	5414
192.168.159.138 192.168.159.139	22091
192.168.159.138 192.168.159.139	15765
192.168.159.138 192.168.159.139	7757
192.168.159.138 192.168.159.139	30861
192.168.159.138 192.168.159.139	20620
192.168.159.138 192.168.159.139	32445
192.168.159.138 192.168.159.139	15493
192.168.159.138 192.168.159.139	1767
192.168.159.138 192.168.159.139	21696
192.168.159.138 192.168.159.139	20277
192.168.159.138 192.168.159.139	7513
192.168.159.138 192.168.159.139	1173
192.168.159.138 192.168.159.139	12218
192.168.159.138 192.168.159.139	14721
192.168.159.138 192.168.159.139	32743
192.168.159.138 192.168.159.139	20628
192.168.159.138 192.168.159.139	27279
192.168.159.138 192.168.159.139	19768
192.168.159.138 192.168.159.139	17485
192.168.159.138 192.168.159.139	993
192.168.159.138 192.168.159.139	29226
192.168.159.138 192.168.159.139	20578
192.168.159.138 192.168.159.139	15216
192.168.159.138 192.168.159.139	33131
192.168.159.138 192.168.159.139	28477
192.168.159.138 192.168.159.139	15267
192.168.159.138 192.168.159.139	24602
192.168.159.138 192.168.159.139	17684
192.168.159.138 192.168.159.139	6266
192.168.159.138 192.168.159.139	5834
192.168.159.138 192.168.159.139	31441
192.168.159.138 192.168.159.139	18270
192.168.159.138 192.168.159.139	14133
192.168.159.138 192.168.159.139	26332
192.168.159.138 192.168.159.139	21137
192.168.159.138 192.168.159.139	31938
192.168.159.138 192.168.159.139	19129
192.168.159.138 192.168.159.139	32316
192.168.159.138 192.168.159.139	29720
192.168.159.138 192.168.159.139	31806
192.168.159.138 192.168.159.139	20045
192.168.159.138 192.168.159.139	4288
192.168.159.138 192.168.159.139	27458
192.168.159.138 192.168.159.139	27799
192.168.159.138 192.168.159.139	21754
192.168.159.138 192.168.159.139	6551
192.168.159.138 192.168.159.139	15966
192.168.159.138 192.168.159.139	22189
192.168.159.138 192.168.159.139	21909
192.168.159.138 192.168.159.139	22801
192.168.159.138 192.168.159.139	8797
192.168.159.138 192.168.159.139	18140
192.168.159.138 192.168.159.139	22025
192.168.159.138 192.168.159.139	26239
192.168.159.138 192.168.159.139	19240
192.168.159.138 192.168.159.139	28105
192.168.159.138 192.168.159.139	3217
192.168.159.138 192.168.159.139	12604
192.168.159.138 192.168.159.139	15866
192.168.159.138 192.168.159.139	16994
192.168.159.138 192.168.159.139	24934
192.168.159.138 192.168.159.139	19800
192.168.159.138 192.168.159.139	9793
192.168.159.138 192.168.159.139	12227
192.168.159.138 192.168.159.139	12025
192.168.159.138 192.168.159.139	8412
192.168.159.138 192.168.159.139	16913
192.168.159.138 192.168.159.139	15274
192.168.159.138 192.168.159.139	28963
192.168.159.138 192.168.159.139	16911
192.168.159.138 192.168.159.139	2447
192.168.159.138 192.168.159.139	21752
192.168.159.138 192.168.159.139	24547
192.168.159.138 192.168.159.139	3671
192.168.159.138 192.168.159.139	6799
192.168.159.138 192.168.159.139	24231
192.168.159.138 192.168.159.139	16585
192.168.159.138 192.168.159.139	24455
192.168.159.138 192.168.159.139	1521
192.168.159.138 192.168.159.139	14067
192.168.159.138 192.168.159.139	6426
192.168.159.138 192.168.159.139	25919
192.168.159.138 192.168.159.139	7427
192.168.159.138 192.168.159.139	21637
192.168.159.138 192.168.159.139	26834
192.168.159.138 192.168.159.139	32835
192.168.159.138 192.168.159.139	17295
192.168.159.138 192.168.159.139	23217
192.168.159.138 192.168.159.139	27571
192.168.159.138 192.168.159.139	30587
192.168.159.138 192.168.159.139	16749
192.168.159.138 192.168.159.139	11316
192.168.159.138 192.168.159.139	28945
192.168.159.138 192.168.159.139	24138
192.168.159.138 192.168.159.139	8703
192.168.159.138 192.168.159.139	17296
192.168.159.138 192.168.159.139	31533
192.168.159.138 192.168.159.139	80
192.168.159.138 192.168.159.139	9546
192.168.159.138 192.168.159.139	3674
192.168.159.138 192.168.159.139	18654
192.168.159.138 192.168.159.139	26841
192.168.159.138 192.168.159.139	10822
192.168.159.138 192.168.159.139	26697
192.168.159.138 192.168.159.139	26743
192.168.159.138 192.168.159.139	19772
192.168.159.138 192.168.159.139	6905
192.168.159.138 192.168.159.139	17898
192.168.159.138 192.168.159.139	32348
192.168.159.138 192.168.159.139	4823
192.168.159.138 192.168.159.139	4533
192.168.159.138 192.168.159.139	11890
192.168.159.138 192.168.159.139	31948
192.168.159.138 192.168.159.139	15523
192.168.159.138 192.168.159.139	21302
192.168.159.138 192.168.159.139	2331
192.168.159.138 192.168.159.139	7885
192.168.159.138 192.168.159.139	9693
192.168.159.138 192.168.159.139	30791
192.168.159.138 192.168.159.139	23752
192.168.159.138 192.168.159.139	30783
192.168.159.138 192.168.159.139	19311
192.168.159.138 192.168.159.139	32372
192.168.159.138 192.168.159.139	20191
192.168.159.138 192.168.159.139	31048
192.168.159.138 192.168.159.139	19356
192.168.159.138 192.168.159.139	642
192.168.159.138 192.168.159.139	11369
192.168.159.138 192.168.159.139	23631
192.168.159.138 192.168.159.139	4415
192.168.159.138 192.168.159.139	24663
192.168.159.138 192.168.159.139	26827
192.168.159.138 192.168.159.139	6661
192.168.159.138 192.168.159.139	25977
192.168.159.138 192.168.159.139	24151
192.168.159.138 192.168.159.139	12370
192.168.159.138 192.168.159.139	7159
192.168.159.138 192.168.159.139	2970
192.168.159.138 192.168.159.139	11195
192.168.159.138 192.168.159.139	4842
192.168.159.138 192.168.159.139	11962
192.168.159.138 192.168.159.139	31268
192.168.159.138 192.168.159.139	9761
192.168.159.138 192.168.159.139	8674
192.168.159.138 192.168.159.139	21244
192.168.159.138 192.168.159.139	22010
192.168.159.138 192.168.159.139	4174
192.168.159.138 192.168.159.139	23241
192.168.159.138 192.168.159.139	19096
192.168.159.138 192.168.159.139	30105
192.168.159.138 192.168.159.139	21960
192.168.159.138 192.168.159.139	7572
192.168.159.138 192.168.159.139	15423
192.168.159.138 192.168.159.139	29007
192.168.159.138 192.168.159.139	8252
192.168.159.138 192.168.159.139	27877
192.168.159.138 192.168.159.139	28219
192.168.159.138 192.168.159.139	3102
192.168.159.138 192.168.159.139	31384
192.168.159.138 192.168.159.139	24308
192.168.159.138 192.168.159.139	31196
192.168.159.138 192.168.159.139	2807
192.168.159.138 192.168.159.139	24242
192.168.159.138 192.168.159.139	13725
192.168.159.138 192.168.159.139	19716
192.168.159.138 192.168.159.139	1540
192.168.159.138 192.168.159.139	14797
192.168.159.138 192.168.159.139	14529
192.168.159.138 192.168.159.139	1644
192.168.159.138 192.168.159.139	29908
192.168.159.138 192.168.159.139	24509
192.168.159.138 192.168.159.139	27253
192.168.159.138 192.168.159.139	13267
192.168.159.138 192.168.159.139	25750
192.168.159.138 192.168.159.139	28388
192.168.159.138 192.168.159.139	19702
192.168.159.138 192.168.159.139	17964
192.168.159.138 192.168.159.139	8101
192.168.159.138 192.168.159.139	1997
192.168.159.138 192.168.159.139	29009
192.168.159.138 192.168.159.139	24250
192.168.159.138 192.168.159.139	53
192.168.159.138 192.168.159.139	17160
192.168.159.138 192.168.159.139	22801
192.168.159.138 192.168.159.139	18387
192.168.159.138 192.168.159.139	7738
192.168.159.138 192.168.159.139	29620
192.168.159.138 192.168.159.139	21496
192.168.159.138 192.168.159.139	28232
192.168.159.138 192.168.159.139	587
192.168.159.138 192.168.159.139	13084
192.168.159.138 192.168.159.139	18249
192.168.159.138 192.168.159.139	21588
192.168.159.138 192.168.159.139	22622
192.168.159.138 192.168.159.139	16573
192.168.159.138 192.168.159.139	443
192.168.159.138 192.168.159.139	3261
192.168.159.138 192.168.159.139	8281
192.168.159.138 192.168.159.139	1920
192.168.159.138 192.168.159.139	26440
192.168.159.138 192.168.159.139	2971
192.168.159.138 192.168.159.139	29737
192.168.159.138 192.168.159.139	27521
192.168.159.138 192.168.159.139	17876
192.168.159.138 192.168.159.139	28881
192.168.159.138 192.168.159.139	2425
192.168.159.138 192.168.159.139	31509
192.168.159.138 192.168.159.139	15300
192.168.159.138 192.168.159.139	15738
192.168.159.138 192.168.159.139	2558
192.168.159.138 192.168.159.139	18414
192.168.159.138 192.168.159.139	26626
192.168.159.138 192.168.159.139	6555
192.168.159.138 192.168.159.139	110
192.168.159.138 192.168.159.139	10255
192.168.159.138 192.168.159.139	4789
192.168.159.138 192.168.159.139	27998
192.168.159.138 192.168.159.139	84
192.168.159.138 192.168.159.139	2165
192.168.159.138 192.168.159.139	6937
192.168.159.138 192.168.159.139	29299
192.168.159.138 192.168.159.139	14674
192.168.159.138 192.168.159.139	16544
192.168.159.138 192.168.159.139	5424
192.168.159.138 192.168.159.139	7364
192.168.159.138 192.168.159.139	5117
192.168.159.138 192.168.159.139	25
192.168.159.138 192.168.159.139	3487
192.168.159.138 192.168.159.139	18158
192.168.159.138 192.168.159.139	16473
192.168.159.138 192.168.159.139	16110
192.168.159.138 192.168.159.139	13275
192.168.159.138 192.168.159.139	7127
192.168.159.138 192.168.159.139	19926
192.168.159.138 192.168.159.139	25
192.168.159.138 192.168.159.139	1275
192.168.159.138 192.168.159.139	27214
192.168.159.138 192.168.159.139	373
192.168.159.138 192.168.159.139	18415
192.168.159.138 192.168.159.139	20496
192.168.159.138 192.168.159.139	8612
192.168.159.138 192.168.159.139	23760
192.168.159.138 192.168.159.139	1723
192.168.159.138 192.168.159.139	25800
192.168.159.138 192.168.159.139	10831
192.168.159.138 192.168.159.139	20188
192.168.159.138 192.168.159.139	19466
192.168.159.138 192.168.159.139	20943
192.168.159.138 192.168.159.139	13872
192.168.159.138 192.168.159.139	24972
192.168.159.138 192.168.159.139	28382
192.168.159.138 192.168.159.139	16522
192.168.159.138 192.168.159.139	10585
192.168.159.138 192.168.159.139	26183
192.168.159.138 192.168.159.139	20607
192.168.159.138 192.168.159.139	30539
192.168.159.138 192.168.159.139	27357
192.168.159.138 192.168.159.139	298
192.168.159.138 192.168.159.139	25224
192.168.159.138 192.168.159.139	21929
192.168.159.138 192.168.159.139	12071
192.168.159.138 192.168.159.139	5358
192.168.159.138 192.168.159.139	13369
192.168.159.138 192.168.159.139	6822
192.168.159.138 192.168.159.139	29919
192.168.159.138 192.168.159.139	31713
192.168.159.138 192.168.159.139	31731
192.168.159.138 192.168.159.139	14046
192.168.159.138 192.168.159.139	28699
192.168.159.138 192.168.159.139	5337
192.168.159.138 192.168.159.139	14826
192.168.159.138 192.168.159.139	8974
192.168.159.138 192.168.159.139	29389
192.168.159.138 192.168.159.139	27558
192.168.159.138 192.168.159.139	31944
192.168.159.138 192.168.159.139	31235
192.168.159.138 192.168.159.139	14858
192.168.159.138 192.168.159.139	17933
192.168.159.138 192.168.159.139	7480
192.168.159.138 192.168.159.139	5366
192.168.159.138 192.168.159.139	13020
192.168.159.138 192.168.159.139	31982
192.168.159.138 192.168.159.139	20
192.168.159.138 192.168.159.139	10384
192.168.159.138 192.168.159.139	22811
192.168.159.138 192.168.159.139	4468
192.168.159.138 192.168.159.139	5274
192.168.159.138 192.168.159.139	2896
192.168.159.138 192.168.159.139	12925
192.168.159.138 192.168.159.139	8333
192.168.159.138 192.168.159.139	8839
192.168.159.138 192.168.159.139	26519
192.168.159.138 192.168.159.139	32467
192.168.159.138 192.168.159.139	8192
192.168.159.138 192.168.159.139	20409
192.168.159.138 192.168.159.139	9993
192.168.159.138 192.168.159.139	26689
192.168.159.138 192.168.159.139	15025
192.168.159.138 192.168.159.139	13371
192.168.159.138 192.168.159.139	10293
192.168.159.138 192.168.159.139	17229
192.168.159.138 192.168.159.139	143
192.168.159.138 192.168.159.139	19152
192.168.159.138 192.168.159.139	8706
192.168.159.138 192.168.159.139	30449
192.168.159.138 192.168.159.139	24111
192.168.159.138 192.168.159.139	19960
192.168.159.138 192.168.159.139	20125
192.168.159.138 192.168.159.139	16096
192.168.159.138 192.168.159.139	10506
192.168.159.138 192.168.159.139	995
192.168.159.138 192.168.159.139	30669
192.168.159.138 192.168.159.139	30769
192.168.159.138 192.168.159.139	25848
192.168.159.138 192.168.159.139	28230
192.168.159.138 192.168.159.139	31644
192.168.159.138 192.168.159.139	31023
192.168.159.138 192.168.159.139	22368
192.168.159.138 192.168.159.139	4944
192.168.159.138 192.168.159.139	31683
192.168.159.138 192.168.159.139	16328
192.168.159.138 192.168.159.139	18168
192.168.159.138 192.168.159.139	31465
192.168.159.138 192.168.159.139	27389
192.168.159.138 192.168.159.139	9021
192.168.159.138 192.168.159.139	25226
192.168.159.138 192.168.159.139	9085
192.168.159.138 192.168.159.139	13686
192.168.159.138 192.168.159.139	7626
192.168.159.138 192.168.159.139	6842
192.168.159.138 192.168.159.139	22951
192.168.159.138 192.168.159.139	6325
192.168.159.138 192.168.159.139	13523
192.168.159.138 192.168.159.139	10239
192.168.159.138 192.168.159.139	9464
192.168.159.138 192.168.159.139	24721
192.168.159.138 192.168.159.139	6645
192.168.159.138 192.168.159.139	24171
192.168.159.138 192.168.159.139	2906
192.168.159.138 192.168.159.139	9725
192.168.159.138 192.168.159.139	32758
192.168.159.138 192.168.159.139	19607
192.168.159.138 192.168.159.139	7328
192.168.159.138 192.168.159.139	12254
192.168.159.138 192.168.159.139	13729
192.168.159.138 192.168.159.139	13317
192.168.159.138 192.168.159.139	22877
192.168.159.138 192.168.159.139	2137
192.168.159.138 192.168.159.139	14289
192.168.159.138 192.168.159.139	29632
192.168.159.138 192.168.159.139	28191
192.168.159.138 192.168.159.139	27691
192.168.159.138 192.168.159.139	20207
192.168.159.138 192.168.159.139	13021
192.168.159.138 192.168.159.139	10933
192.168.159.138 192.168.159.139	853
192.168.159.138 192.168.159.139	20
192.168.159.138 192.168.159.139	853
192.168.159.138 192.168.159.139	20656
192.168.159.138 192.168.159.139	18946
192.168.159.138 192.168.159.139	13668
192.168.159.138 192.168.159.139	14072
192.168.159.138 192.168.159.139	28108
192.168.159.138 192.168.159.139	9079
192.168.159.138 192.168.159.139	19402
192.168.159.138 192.168.159.139	32144
192.168.159.138 192.168.159.139	23278
192.168.159.138 192.168.159.139	20859
192.168.159.138 192.168.159.139	24304
192.168.159.138 192.168.159.139	31622
192.168.159.138 192.168.159.139	8939
192.168.159.138 192.168.159.139	7653
192.168.159.138 192.168.159.139	32670
192.168.159.138 192.168.159.139	9499
192.168.159.138 192.168.159.139	13897
192.168.159.138 192.168.159.139	24317
192.168.159.138 192.168.159.139	8135
192.168.159.138 192.168.159.139	4384
192.168.159.138 192.168.159.139	10906
192.168.159.138 192.168.159.139	6134
192.168.159.138 192.168.159.139	2060
192.168.159.138 192.168.159.139	764
192.168.159.138 192.168.159.139	31378
192.168.159.138 192.168.159.139	8658
192.168.159.138 192.168.159.139	30133
192.168.159.138 192.168.159.139	11718
192.168.159.138 192.168.159.139	15776
192.168.159.138 192.168.159.139	9831
192.168.159.138 192.168.159.139	8728
192.168.159.138 192.168.159.139	17792
192.168.159.138 192.168.159.139	24815
192.168.159.138 192.168.159.139	4498
192.168.159.138 192.168.159.139	21743
192.168.159.138 192.168.159.139	8075
192.168.159.138 192.168.159.139	29948
192.168.159.138 192.168.159.139	8398
192.168.159.138 192.168.159.139	26085
192.168.159.138 192.168.159.139	15519
192.168.159.138 192.168.159.139	29636
192.168.159.138 192.168.159.139	31424
192.168.159.138 192.168.159.139	20470
192.168.159.138 192.168.159.139	7860
192.168.159.138 192.168.159.139	28386
192.168.159.138 192.168.159.139	12385
192.168.159.138 192.168.159.139	25185
192.168.159.138 192.168.159.139	19887
192.168.159.138 192.168.159.139	23253
192.168.159.138 192.168.159.139	13383
192.168.159.138 192.168.159.139	26257
192.168.159.138 192.168.159.139	31758
192.168.159.138 192.168.159.139	22548
192.168.159.138 192.168.159.139	3118
192.168.159.138 192.168.159.139	4900
192.168.159.138 192.168.159.139	12290
192.168.159.138 192.168.159.139	24507
192.168.159.138 192.168.159.139	31341
192.168.159.138 192.168.159.139	19263
192.168.159.138 192.168.159.139	16401
192.168.159.138 192.168.159.139	28195
192.168.159.138 192.168.159.139	27327
192.168.159.138 192.168.159.139	7900
192.168.159.138 192.168.159.139	26769
192.168.159.138 192.168.159.139	5971
192.168.159.138 192.168.159.139	25451
192.168.159.138 192.168.159.139	31730
192.168.159.138 192.168.159.139	10263
192.168.159.138 192.168.159.139	11848
192.168.159.138 192.168.159.139	19501
192.168.159.138 192.168.159.139	29527
192.168.159.138 192.168.159.139	21323
192.168.159.138 192.168.159.139	15231
192.168.159.138 192.168.159.139	12331
192.168.159.138 192.168.159.139	12499
192.168.159.138 192.168.159.139	26323
192.168.159.138 192.168.159.139	29760
192.168.159.138 192.168.159.139	18991
192.168.159.138 192.168.159.139	12942
192.168.159.138 192.168.159.139	32289
192.168.159.138 192.168.159.139	14525
192.168.159.138 192.168.159.139	961
192.168.159.138 192.168.159.139	22031
192.168.159.138 192.168.159.139	28830
192.168.159.138 192.168.159.139	8212
192.168.159.138 192.168.159.139	3134
192.168.159.138 192.168.159.139	11677
192.168.159.138 192.168.159.139	1862
192.168.159.138 192.168.159.139	14219
192.168.159.138 192.168.159.139	759
192.168.159.138 192.168.159.139	5467
192.168.159.138 192.168.159.139	26482
192.168.159.138 192.168.159.139	25085
192.168.159.138 192.168.159.139	23156
192.168.159.138 192.168.159.139	14400
192.168.159.138 192.168.159.139	9038
192.168.159.138 192.168.159.139	27788
192.168.159.138 192.168.159.139	30524
192.168.159.138 192.168.159.139	15924
192.168.159.138 192.168.159.139	9530
192.168.159.138 192.168.159.139	449
192.168.159.138 192.168.159.139	24980
192.168.159.138 192.168.159.139	21392
192.168.159.138 192.168.159.139	18754
192.168.159.138 192.168.159.139	19341
192.168.159.138 192.168.159.139	2548
192.168.159.138 192.168.159.139	30513
192.168.159.138 192.168.159.139	21
192.168.159.138 192.168.159.139	12795
192.168.159.138 192.168.159.139	13708
192.168.159.138 192.168.159.139	28709
192.168.159.138 192.168.159.139	1550
192.168.159.138 192.168.159.139	20047
192.168.159.138 192.168.159.139	9765
192.168.159.138 192.168.159.139	16415
192.168.159.138 192.168.159.139	24086
192.168.159.138 192.168.159.139	23619
192.168.159.138 192.168.159.139	12739
192.168.159.138 192.168.159.139	25465
192.168.159.138 192.168.159.139	12620
192.168.159.138 192.168.159.139	26913
192.168.159.138 192.168.159.139	587
192.168.159.138 192.168.159.139	3511
192.168.159.138 192.168.159.139	32941
192.168.159.138 192.168.159.139	7889
192.168.159.138 192.168.159.139	16638
192.168.159.138 192.168.159.139	7427
192.168.159.138 192.168.159.139	1974
192.168.159.138 192.168.159.139	22627
192.168.159.138 192.168.159.139	21003
192.168.159.138 192.168.159.139	7210
192.168.159.138 192.168.159.139	27243
192.168.159.138 192.168.159.139	4252
192.168.159.138 192.168.159.139	15817
192.168.159.138 192.168.159.139	11117
192.168.159.138 192.168.159.139	22675
192.168.159.138 192.168.159.139	20808
192.168.159.138 192.168.159.139	3436
192.168.159.138 192.168.159.139	27210
192.168.159.138 192.168.159.139	24518
192.168.159.138 192.168.159.139	30358
192.168.159.138 192.168.159.139	22
192.168.159.138 192.168.159.139	13928
192.168.159.138 192.168.159.139	18916
192.168.159.138 192.168.159.139	23203
192.168.159.138 192.168.159.139	27506
192.168.159.138 192.168.159.139	16614
192.168.159.138 192.168.159.139	8244
192.168.159.138 192.168.159.139	8766
192.168.159.138 192.168.159.139	2917
192.168.159.138 192.168.159.139	27493
192.168.159.138 192.168.159.139	31274
192.168.159.138 192.168.159.139	18144
192.168.159.138 192.168.159.139	4836
192.168.159.138 192.168.159.139	11463
192.168.159.138 192.168.159.139	25251
192.168.159.138 192.168.159.139	1047
192.168.159.138 192.168.159.139	16346
192.168.159.138 192.168.159.139	17501
192.168.159.138 192.168.159.139	19598
192.168.159.138 192.168.159.139	602
192.168.159.138 192.168.159.139	31172
192.168.159.138 192.168.159.139	31563
192.168.159.138 192.168.159.139	31358
192.168.159.138 192.168.159.139	32998
192.168.159.138 192.168.159.139	5569
192.168.159.138 192.168.159.139	14146
192.168.159.138 192.168.159.139	21977
192.168.159.138 192.168.159.139	31549
192.168.159.138 192.168.159.139	26879
192.168.159.138 192.168.159.139	33191
192.168.159.138 192.168.159.139	7232
192.168.159.138 192.168.159.139	18838
192.168.159.138 192.168.159.139	31773
192.168.159.138 192.168.159.139	18788
192.168.159.138 192.168.159.139	18403
192.168.159.138 192.168.159.139	25548
192.168.159.138 192.168.159.139	8680
192.168.159.138 192.168.159.139	12917
192.168.159.138 192.168.159.139	21480
192.168.159.138 192.168.159.139	10755
192.168.159.138 192.168.159.139	20744
192.168.159.138 192.168.159.139	29088
192.168.159.138 192.168.159.139	7209
192.168.159.138 192.168.159.139	12749
192.168.159.138 192.168.159.139	11224
192.168.159.138 192.168.159.139	4220
192.168.159.138 192.168.159.139	14060
192.168.159.138 192.168.159.139	53
192.168.159.138 192.168.159.139	12874
192.168.159.138 192.168.159.139	7523
192.168.159.138 192.168.159.139	24902
192.168.159.138 192.168.159.139	15754
192.168.159.138 192.168.159.139	7432
192.168.159.138 192.168.159.139	9015
192.168.159.138 192.168.159.139	22
192.168.159.138 192.168.159.139	25309
192.168.159.138 192.168.159.139	21123
192.168.159.138 192.168.159.139	11663
192.168.159.138 192.168.159.139	1871
192.168.159.138 192.168.159.139	26956
192.168.159.138 192.168.159.139	271
192.168.159.138 192.168.159.139	13582
192.168.159.138 192.168.159.139	17301
192.168.159.138 192.168.159.139	25703
192.168.159.138 192.168.159.139	25274
192.168.159.138 192.168.159.139	23082
192.168.159.138 192.168.159.139	12933
192.168.159.138 192.168.159.139	4910
192.168.159.138 192.168.159.139	1342
192.168.159.138 192.168.159.139	14528
192.168.159.138 192.168.159.139	2324
192.168.159.138 192.168.159.139	3222
192.168.159.138 192.168.159.139	993
192.168.159.138 192.168.159.139	27158
192.168.159.138 192.168.159.139	24514
192.168.159.138 192.168.159.139	14165
192.168.159.138 192.168.159.139	13938
192.168.159.138 192.168.159.139	16353
192.168.159.138 192.168.159.139	22452
192.168.159.138 192.168.159.139	27870
192.168.159.138 192.168.159.139	19234
192.168.159.138 192.168.159.139	7742
192.168.159.138 192.168.159.139	10436
192.168.159.138 192.168.159.139	11268
192.168.159.138 192.168.159.139	4302
192.168.159.138 192.168.159.139	9288
192.168.159.138 192.168.159.139	24456
192.168.159.138 192.168.159.139	15154
192.168.159.138 192.168.159.139	25202
192.168.159.138 192.168.159.139	12052
192.168.159.138 192.168.159.139	7876
192.168.159.138 192.168.159.139	16176
192.168.159.138 192.168.159.139	4744
192.168.159.138 192.168.159.139	24763
192.168.159.138 192.168.159.139	31114
192.168.159.138 192.168.159.139	15781
192.168.159.138 192.168.159.139	20435
192.168.159.138 192.168.159.139	32033
192.168.159.138 192.168.159.139	5216
192.168.159.138 192.168.159.139	14320
192.168.159.138 192.168.159.139	30290
192.168.159.138 192.168.159.139	25366
192.168.159.138 192.168.159.139	23997
192.168.159.138 192.168.159.139	18605
192.168.159.138 192.168.159.139	1697
192.168.159.138 192.168.159.139	23144
192.168.159.138 192.168.159.139	14951
192.168.159.138 192.168.159.139	22509
192.168.159.138 192.168.159.139	31453
192.168.159.138 192.168.159.139	25435
192.168.159.138 192.168.159.139	32189
192.168.159.138 192.168.159.139	26914
192.168.159.138 192.168.159.139	22566
192.168.159.138 192.168.159.139	31497
192.168.159.138 192.168.159.139	7005
192.168.159.138 192.168.159.139	27690
192.168.159.138 192.168.159.139	22662
192.168.159.138 192.168.159.139	26529
192.168.159.138 192.168.159.139	30319
192.168.159.138 192.168.159.139	1408
192.168.159.138 192.168.159.139	15015
192.168.159.138 192.168.159.139	2561
192.168.159.138 192.168.159.139	33076
192.168.159.138 192.168.159.139	9483
192.168.159.138 192.168.159.139	2851
192.168.159.138 192.168.159.139	24386
192.168.159.138 192.168.159.139	18189
192.168.159.138 192.168.159.139	9008
192.168.159.138 192.168.159.139	5975
192.168.159.138 192.168.159.139	28974
192.168.159.138 192.168.159.139	5441
192.168.159.138 192.168.159.139	26917
192.168.159.138 192.168.159.139	30384
192.168.159.138 192.168.159.139	13575
192.168.159.138 192.168.159.139	32794
192.168.159.138 192.168.159.139	10385
192.168.159.138 192.168.159.139	3114
192.168.159.138 192.168.159.139	29607
192.168.159.138 192.168.159.139	11346
192.168.159.138 192.168.159.139	1677
192.168.159.138 192.168.159.139	7093
192.168.159.138 192.168.159.139	4711
192.168.159.138 192.168.159.139	11022
192.168.159.138 192.168.159.139	6353
192.168.159.138 192.168.159.139	17362
192.168.159.138 192.168.159.139	7749
192.168.159.138 192.168.159.139	8969
192.168.159.138 192.168.159.139	14448
192.168.159.138 192.168.159.139	28563
192.168.159.138 192.168.159.139	18779
192.168.159.138 192.168.159.139	8062
192.168.159.138 192.168.159.139	431
192.168.159.138 192.168.159.139	21390
192.168.159.138 192.168.159.139	6020
192.168.159.138 192.168.159.139	15054
192.168.159.138 192.168.159.139	23453
192.168.159.138 192.168.159.139	4930
192.168.159.138 192.168.159.139	30602
192.168.159.138 192.168.159.139	9685
192.168.159.138 192.168.159.139	8861
192.168.159.138 192.168.159.139	6029
192.168.159.138 192.168.159.139	24452
192.168.159.138 192.168.159.139	2233
192.168.159.138 192.168.159.139	26448
192.168.159.138 192.168.159.139	3329
192.168.159.138 192.168.159.139	8850
192.168.159.138 192.168.159.139	13565
192.168.159.138 192.168.159.139	13751
192.168.159.138 192.168.159.139	11256
192.168.159.138 192.168.159.139	29583
192.168.159.138 192.168.159.139	4524
192.168.159.138 192.168.159.139	19274
192.168.159.138 192.168.159.139	16291
192.168.159.138 192.168.159.139	23756
192.168.159.138 192.168.159.139	6126
192.168.159.138 192.168.159.139	9155
192.168.159.138 192.168.159.139	18411
192.168.159.138 192.168.159.139	24709
192.168.159.138 192.168.159.139	28324
192.168.159.138 192.168.159.139	17598
192.168.159.138 192.168.159.139	618
192.168.159.138 192.168.159.139	7312
192.168.159.138 192.168.159.139	8563
192.168.159.138 192.168.159.139	21885
192.168.159.138 192.168.159.139	20183
192.168.159.138 192.168.159.139	22884
192.168.159.138 192.168.159.139	21892
192.168.159.138 192.168.159.139	12226
192.168.159.138 192.168.159.139	10131
192.168.159.138 192.168.159.139	3967
192.168.159.138 192.168.159.139	18096
192.168.159.138 192.168.159.139	21
192.168.159.138 192.168.159.139	18518
192.168.159.138 192.168.159.139	80
192.168.159.138 192.168.159.139	31355
192.168.159.138 192.168.159.139	16578
192.168.159.138 192.168.159.139	3841
192.168.159.138 192.168.159.139	13286
192.168.159.138 192.168.159.139	3684
192.168.159.138 192.168.159.139	5812
192.168.159.138 192.168.159.139	20316
192.168.159.138 192.168.159.139	7326
192.168.159.138 192.168.159.139	5051
192.168.159.138 192.168.159.139	25228
192.168.159.138 192.168.159.139	30343
192.168.159.138 192.168.159.139	25938
192.168.159.138 192.168.159.139	16066
192.168.159.138 192.168.159.139	10792
192.168.159.138 192.168.159.139	3475
192.168.159.138 192.168.159.139	21561
192.168.159.138 192.168.159.139	26847
192.168.159.138 192.168.159.139	22166
192.168.159.138 192.168.159.139	30945
192.168.159.138 192.168.159.139	14707
192.168.159.138 192.168.159.139	988
192.168.159.138 192.168.159.139	22069
192.168.159.138 192.168.159.139	25265
192.168.159.138 192.168.159.139	26003
192.168.159.138 192.168.159.139	26408
192.168.159.138 192.168.159.139	27873
192.168.159.138 192.168.159.139	14106
192.168.159.138 192.168.159.139	30535
192.168.159.138 192.168.159.139	3830
192.168.159.138 192.168.159.139	16916
192.168.159.138 192.168.159.139	26141
192.168.159.138 192.168.159.139	21299
192.168.159.138 192.168.159.139	5744
192.168.159.138 192.168.159.139	25735
192.168.159.138 192.168.159.139	8403
192.168.159.138 192.168.159.139	11978
192.168.159.138 192.168.159.139	23742
192.168.159.138 192.168.159.139	31099
192.168.159.138 192.168.159.139	15881
192.168.159.138 192.168.159.139	17323
192.168.159.138 192.168.159.139	15002
192.168.159.138 192.168.159.139	11906
192.168.159.138 192.168.159.139	5213
192.168.159.138 192.168.159.139	22386
192.168.159.138 192.168.159.139	5299
192.168.159.138 192.168.159.139	13840
192.168.159.138 192.168.159.139	21819
192.168.159.138 192.168.159.139	18823
192.168.159.138 192.168.159.139	25376
192.168.159.138 192.168.159.139	15714
192.168.159.138 192.168.159.139	4755
192.168.159.138 192.168.159.139	21719
192.168.159.138 192.168.159.139	30643
192.168.159.138 192.168.159.139	17247
192.168.159.138 192.168.159.139	18898
192.168.159.138 192.168.159.139	20437
192.168.159.138 192.168.159.139	30293
192.168.159.138 192.168.159.139	18871
192.168.159.138 192.168.159.139	29751
192.168.159.138 192.168.159.139	30371
192.168.159.138 192.168.159.139	25388
192.168.159.138 192.168.159.139	12130
192.168.159.138 192.168.159.139	20681
192.168.159.138 192.168.159.139	25342
192.168.159.138 192.168.159.139	12722
192.168.159.138 192.168.159.139	28488
192.168.159.138 192.168.159.139	32110
192.168.159.138 192.168.159.139	11301
192.168.159.138 192.168.159.139	7068
192.168.159.138 192.168.159.139	23332
192.168.159.138 192.168.159.139	16623
192.168.159.138 192.168.159.139	29403
192.168.159.138 192.168.159.139	30708
192.168.159.138 192.168.159.139	12875
192.168.159.138 192.168.159.139	25711
192.168.159.138 192.168.159.139	24581
192.168.159.138 192.168.159.139	13103
192.168.159.138 192.168.159.139	19473
192.168.159.138 192.168.159.139	6465
192.168.159.138 192.168.159.139	10258
192.168.159.138 192.168.159.139	13679
192.168.159.138 192.168.159.139	11594
192.168.159.138 192.168.159.139	24984
192.168.159.138 192.168.159.139	23842
192.168.159.138 192.168.159.139	18286
192.168.159.138 192.168.159.139	7916
192.168.159.138 192.168.159.139	29644
192.168.159.138 192.168.159.139	19273
192.168.159.138 192.168.159.139	13671
192.168.159.138 192.168.159.139	24772
192.168.159.138 192.168.159.139	22187
192.168.159.138 192.168.159.139	2255
192.168.159.138 192.168.159.139	14360
192.168.159.138 192.168.159.139	6606
192.168.159.138 192.168.159.139	29196
192.168.159.138 192.168.159.139	29301
192.168.159.138 192.168.159.139	20395
192.168.159.138 192.168.159.139	2084
192.168.159.138 192.168.159.139	19605
192.168.159.138 192.168.159.139	30495
192.168.159.138 192.168.159.139	20641
192.168.159.138 192.168.159.139	21723
192.168.159.138 192.168.159.139	14396
192.168.159.138 192.168.159.139	1708
192.168.159.138 192.168.159.139	7626
192.168.159.138 192.168.159.139	22910
192.168.159.138 192.168.159.139	14990
192.168.159.138 192.168.159.139	31284
192.168.159.138 192.168.159.139	26790
192.168.159.138 192.168.159.139	2147
192.168.159.138 192.168.159.139	443
192.168.159.138 192.168.159.139	7012
192.168.159.138 192.168.159.139	5538
192.168.159.138 192.168.159.139	13259
192.168.159.138 192.168.159.139	25904
192.168.159.138 192.168.159.139	17259
192.168.159.138 192.168.159.139	22144
192.168.159.138 192.168.159.139	5498
192.168.159.138 192.168.159.139	27586
192.168.159.138 192.168.159.139	19319
192.168.159.138 192.168.159.139	16338
192.168.159.138 192.168.159.139	31936
192.168.159.138 192.168.159.139	14277
192.168.159.138 192.168.159.139	17372
192.168.159.138 192.168.159.139	26674
192.168.159.138 192.168.159.139	6248
192.168.159.138 192.168.159.139	15058
192.168.159.138 192.168.159.139	465
192.168.159.138 192.168.159.139	1786
192.168.159.138 192.168.159.139	28578
192.168.159.138 192.168.159.139	18680
192.168.159.138 192.168.159.139	9661
192.168.159.138 192.168.159.139	1409
192.168.159.138 192.168.159.139	11234
192.168.159.138 192.168.159.139	2136
192.168.159.138 192.168.159.139	20777
192.168.159.138 192.168.159.139	23080
192.168.159.138 192.168.159.139	19421
192.168.159.138 192.168.159.139	21383
192.168.159.138 192.168.159.139	25738
192.168.159.138 192.168.159.139	32276
192.168.159.138 192.168.159.139	25740
192.168.159.138 192.168.159.139	27970
192.168.159.138 192.168.159.139	995
192.168.159.138 192.168.159.139	25908
192.168.159.138 192.168.159.139	3660
192.168.159.138 192.168.159.139	15935
192.168.159.138 192.168.159.139	9481
192.168.159.138 192.168.159.139	9207
192.168.159.138 192.168.159.139	25872
192.168.159.138 192.168.159.139	19637
192.168.159.138 192.168.159.139	28443
192.168.159.138 192.168.159.139	9308
192.168.159.138 192.168.159.139	517
192.168.159.138 192.168.159.139	11677
192.168.159.138 192.168.159.139	18171
192.168.159.138 192.168.159.139	11625
192.168.159.138 192.168.159.139	13357
192.168.159.138 192.168.159.139	12172
192.168.159.138 192.168.159.139	30500
192.168.159.138 192.168.159.139	20985
192.168.159.138 192.168.159.139	31818
192.168.159.138 192.168.159.139	18261
192.168.159.138 192.168.159.139	3797
192.168.159.138 192.168.159.139	14408
192.168.159.138 192.168.159.139	25311
192.168.159.138 192.168.159.139	11381
192.168.159.138 192.168.159.139	15760
